{
  "version": 1,
  "author": "Jackson Aguiar",
  "editor": "wokwi",
  "parts": [
    { "type": "wokwi-esp32-devkit-v1", "id": "esp", "top": -12, "left": -146.67, "attrs": {} },
    {
      "type": "wokwi-pushbutton",
      "id": "btn1",
      "top": 50.3,
      "left": 169.5,
      "attrs": { "color": "green" }
    },
    {
      "type": "wokwi-pushbutton",
      "id": "btn2",
      "top": 122.97,
      "left": 169.5,
      "attrs": { "color": "green" }
    },
    {
      "type": "wokwi-photoresistor-sensor",
      "id": "ldr1",
      "top": 205.35,
      "left": -486.41,
      "attrs": {}
    },
    {
      "type": "wokwi-buzzer",
      "id": "bz1",
      "top": -119.7,
      "left": 3.5,
      "attrs": { "volume": "0.1" }
    },
    {
      "type": "wokwi-led",
      "id": "led1",
      "top": -64.28,
      "left": -538.66,
      "attrs": { "color": "red" }
    },
    {
      "type": "wokwi-led",
      "id": "led2",
      "top": -7.07,
      "left": -533.97,
      "attrs": { "color": "red" }
    },
    {
      "type": "wokwi-led",
      "id": "led3",
      "top": 41.92,
      "left": -535.61,
      "attrs": { "color": "red" }
    },
    {
      "type": "wokwi-led",
      "id": "led4",
      "top": 87.34,
      "left": -536.85,
      "attrs": { "color": "red" }
    },
    {
      "type": "wokwi-resistor",
      "id": "r1",
      "top": -16.81,
      "left": -491.54,
      "attrs": { "value": "1000" }
    },
    {
      "type": "wokwi-resistor",
      "id": "r3",
      "top": 35.91,
      "left": -495.19,
      "attrs": { "value": "1000" }
    },
    {
      "type": "wokwi-resistor",
      "id": "r4",
      "top": 90.3,
      "left": -489.6,
      "attrs": { "value": "1000" }
    },
    {
      "type": "wokwi-resistor",
      "id": "r5",
      "top": 129.57,
      "left": -488.22,
      "attrs": { "value": "1000" }
    },
    {
      "type": "wokwi-lcd1602",
      "id": "lcd1",
      "top": 239.04,
      "left": -142.49,
      "attrs": { "pins": "i2c" }
    }
  ],
  "connections": [
    [ "esp:TX0", "$serialMonitor:RX", "", [] ],
    [ "esp:RX0", "$serialMonitor:TX", "", [] ],
    [ "btn2:2.l", "esp:GND.1", "green", [ "h-36", "v-16.94", "h-178.87" ] ],
    [ "btn1:2.l", "esp:GND.1", "green", [ "h-51.33", "v54.7" ] ],
    [ "btn2:1.l", "esp:D2", "green", [ "v-15.94", "h-214.87" ] ],
    [ "btn1:1.l", "esp:D4", "green", [ "h-74", "v44.7" ] ],
    [ "bz1:1", "esp:GND.1", "green", [ "v0" ] ],
    [ "ldr1:VCC", "esp:3V3", "red", [ "h33.34", "v-87.26", "h235.7" ] ],
    [ "led1:A", "r1:1", "green", [ "v14.01", "h49.89" ] ],
    [ "led2:A", "r3:1", "green", [ "v11.07", "h75.2" ] ],
    [ "led3:A", "r4:1", "green", [ "v0" ] ],
    [ "led4:A", "r5:1", "green", [ "h-4.49", "v165.55" ] ],
    [ "r3:2", "esp:D33", "green", [ "v0" ] ],
    [ "esp:D25", "r4:2", "green", [ "h0" ] ],
    [ "esp:D26", "r5:2", "green", [ "h0" ] ],
    [ "esp:D32", "r1:2", "green", [ "h0" ] ],
    [ "ldr1:AO", "esp:D12", "green", [ "h96.86", "v-135" ] ],
    [ "esp:GND.2", "ldr1:GND", "black", [ "h0" ] ],
    [ "esp:GND.2", "led4:C", "black", [ "h0" ] ],
    [ "esp:GND.2", "led3:C", "black", [ "h0" ] ],
    [ "esp:GND.2", "led2:C", "black", [ "h0" ] ],
    [ "esp:GND.2", "led1:C", "black", [ "h0" ] ],
    [ "lcd1:GND", "esp:GND.2", "black", [ "h-140.88", "v-133.97" ] ],
    [ "bz1:2", "esp:D23", "green", [ "v0" ] ],
    [ "esp:VIN", "lcd1:VCC", "red", [ "v19.74", "h-42.8", "v114.3" ] ],
    [ "esp:D21", "lcd1:SDA", "green", [ "h18.41", "v143.58" ] ],
    [ "lcd1:SCL", "esp:D22", "green", [ "h0" ] ]
  ]
}